{"cameraMode":{"drawMode":0,"name":"Shaded","section":"Shading Mode"},"sceneLighting":true,"audioPlay":false,"sceneViewState":{"showFog":true,"showMaterialUpdate":true,"showSkybox":true,"showFlares":true,"showImageEffects":true,"showParticleSystems":true},"in2DMode":false,"pivot":{"x":0.49378228187561037,"y":0.7881975173950195,"z":-1.2928358316421509},"rotation":{"x":-0.0296670850366354,"y":0.8455817699432373,"z":-0.047238245606422427,"w":-0.5309596061706543},"size":2.0125386714935304,"orthographic":false}